School Number,Date,Enrolled,Absent,Present,Released
1,20180905,172,19,153,0
1,20180906,171,17,154,0
1,20180907,172,14,158,0
1,20180912,173,7,166,0
1,20180913,173,9,164,0
1,20180914,173,11,162,0
1,20180917,173,10,163,0
1,20180918,174,7,167,0
1,20180920,174,7,167,0
1,20180921,174,8,166,0
1,20180924,174,13,161,0
1,20180925,174,9,165,0
1,20180926,174,6,168,0
1,20180927,173,7,166,0
1,20180928,173,15,158,0
1,20181001,172,4,168,0
1,20181002,172,7,165,0
1,20181003,171,8,163,0
1,20181004,171,10,161,0
1,20181005,170,8,162,0
1,20181009,170,14,156,0
1,20181010,170,11,159,0
1,20181011,170,9,161,0
1,20181012,170,11,159,0
1,20181015,170,11,159,0
1,20181016,170,6,164,0
1,20181017,170,5,165,0
1,20181018,170,8,162,0
1,20181019,170,14,156,0
1,20181022,170,20,150,0
1,20181023,171,5,166,0
1,20181024,171,9,162,0
1,20181025,171,6,165,0
1,20181026,171,10,161,0
1,20181029,174,11,163,0
1,20181030,174,6,168,0
1,20181031,174,13,161,0
1,20181101,174,8,166,0
1,20181102,174,17,157,0
1,20181105,174,7,167,0
1,20181107,174,10,164,0
1,20181108,174,13,161,0
1,20181109,174,11,163,0
1,20181113,174,14,160,0
1,20181114,174,7,167,0
1,20181115,174,49,125,0
1,20181116,174,22,152,0
1,20181119,174,13,161,0
1,20181120,172,11,161,0
1,20181121,172,29,143,0
1,20181126,172,17,155,0
1,20181127,173,10,163,0
1,20181128,173,15,158,0
1,20181129,173,13,160,0
1,20181130,173,7,166,0
1,20181203,173,13,160,0
1,20181204,173,9,164,0
1,20181205,173,7,166,0
1,20181206,173,4,169,0
1,20181207,173,9,164,0
1,20181210,173,12,161,0
1,20181211,173,12,161,0
1,20181212,173,7,166,0
1,20181213,173,5,168,0
1,20181214,176,6,170,0
1,20181217,174,16,158,0
1,20181218,174,11,163,0
1,20181219,175,23,152,0
1,20181220,175,24,151,0
1,20181221,175,40,135,0
1,20190102,176,31,145,0
1,20190103,176,21,155,0
1,20190104,176,15,161,0
1,20190107,174,10,164,0
1,20190108,174,13,161,0
1,20190109,174,11,163,0
1,20190110,175,6,169,0
1,20190111,174,6,168,0
1,20190114,174,14,160,0
1,20190115,174,13,161,0
1,20190116,174,7,167,0
1,20190117,174,12,162,0
1,20190118,174,15,159,0
1,20190122,173,23,150,0
1,20190123,173,19,154,0
1,20190124,173,18,155,0
1,20190125,173,15,158,0
1,20190128,175,10,165,0
1,20190129,174,7,167,0
1,20190130,174,17,157,0
1,20190131,174,52,111,11
1,20190201,175,21,154,0
1,20190204,175,22,153,0
1,20190206,175,24,151,0
1,20190207,175,22,153,0
1,20190208,175,38,137,0
1,20190211,175,21,154,0
1,20190212,175,27,148,0
1,20190213,175,11,164,0
1,20190214,175,3,172,0
1,20190215,174,13,161,0
1,20190225,174,18,156,0
1,20190226,174,9,165,0
1,20190227,174,12,162,0
1,20190228,174,7,167,0
1,20190301,174,16,158,0
1,20190305,174,7,167,0
1,20190306,174,9,165,0
1,20190307,175,12,163,0
1,20190308,175,10,165,0
1,20190311,175,18,157,0
1,20190312,175,9,166,0
1,20190313,175,9,166,0
1,20190314,175,36,139,0
1,20190315,175,12,163,0
1,20190318,175,11,164,0
1,20190319,175,9,166,0
1,20190320,175,10,165,0
1,20190321,175,13,162,0
1,20190322,175,19,156,0
1,20190325,175,11,164,0
1,20190326,175,10,165,0
1,20190327,177,12,165,0
1,20190328,177,9,168,0
1,20190329,177,11,166,0
1,20190401,175,18,157,0
1,20190402,175,8,167,0
1,20190403,175,10,165,0
1,20190404,175,11,164,0
1,20190405,175,10,165,0
1,20190408,173,7,166,0
1,20190409,173,8,165,0
1,20190410,173,8,165,0
1,20190411,173,8,165,0
1,20190412,173,16,157,0
1,20190415,173,6,167,0
1,20190416,174,5,169,0
1,20190417,174,6,168,0
1,20190418,173,13,160,0
1,20190429,173,20,153,0
1,20190430,173,7,166,0
1,20190501,173,4,169,0
1,20190502,173,4,169,0
1,20190503,175,6,169,0
1,20190506,175,11,164,0
1,20190507,174,10,164,0
1,20190508,174,7,167,0
1,20190509,174,9,165,0
1,20190510,174,13,161,0
1,20190513,174,13,161,0
1,20190514,174,12,162,0
1,20190515,174,8,156,10
1,20190516,174,11,163,0
1,20190517,174,10,164,0
1,20190520,174,7,167,0
1,20190521,174,3,171,0
1,20190522,174,8,166,0
1,20190523,174,9,165,0
1,20190524,174,7,167,0
1,20190528,172,7,165,0
1,20190529,172,6,166,0
1,20190530,172,7,165,0
1,20190531,172,6,166,0
1,20190603,174,6,168,0
1,20190605,174,10,164,0
1,20190607,175,10,165,0
1,20190610,175,15,160,0
1,20190612,175,12,163,0
1,20190613,175,14,161,0
1,20190614,175,9,166,0
1,20190617,174,11,163,0
1,20190618,174,18,156,0
1,20190619,174,11,163,0
1,20190620,174,21,153,0
1,20190621,174,27,147,0
1,20190624,174,21,153,0
1,20190625,174,37,137,0
1,20190626,174,45,129,0
2,20180905,243,21,222,0
2,20180906,244,23,221,0
2,20180907,246,14,232,0
2,20180912,244,13,231,0
2,20180913,246,12,234,0
2,20180914,247,8,239,0
2,20180917,247,14,233,0
2,20180918,247,16,231,0
2,20180920,248,17,231,0
2,20180921,249,18,231,0
2,20180924,249,12,237,0
2,20180925,249,17,232,0
2,20180926,249,17,232,0
2,20180927,249,6,243,0
2,20180928,249,19,230,0
2,20181001,248,11,237,0
2,20181002,248,7,241,0
2,20181003,248,0,1,247
2,20181004,248,101,147,0
2,20181005,249,26,223,0
2,20181009,249,10,239,0
2,20181010,249,9,240,0
2,20181011,249,13,236,0
2,20181012,249,20,229,0
2,20181015,249,18,231,0
2,20181016,249,12,237,0
2,20181017,249,9,240,0
2,20181018,249,11,238,0
2,20181019,249,17,232,0
2,20181022,249,21,228,0
2,20181023,249,11,238,0
2,20181024,249,12,237,0
2,20181025,249,10,239,0
2,20181026,249,22,227,0
2,20181029,249,24,225,0
2,20181030,249,15,234,0
2,20181031,249,16,233,0
2,20181101,249,22,227,0
2,20181102,249,14,235,0
2,20181105,249,20,229,0
2,20181107,249,10,239,0
2,20181108,249,8,240,1
2,20181109,249,22,227,0
2,20181113,249,24,225,0
2,20181114,250,12,238,0
2,20181115,250,76,174,0
2,20181116,250,46,204,0
2,20181119,249,9,240,0
2,20181120,249,12,237,0
2,20181121,249,31,218,0
2,20181126,250,18,232,0
2,20181127,251,14,237,0
2,20181128,251,17,234,0
2,20181129,251,11,240,0
2,20181130,251,29,222,0
2,20181203,254,21,233,0
2,20181204,254,26,227,1
2,20181205,254,12,242,0
2,20181206,254,13,241,0
2,20181207,254,20,234,0
2,20181210,254,29,225,0
2,20181211,254,21,233,0
2,20181212,255,13,242,0
2,20181213,255,10,245,0
2,20181214,255,12,243,0
2,20181217,255,28,227,0
2,20181218,255,19,236,0
2,20181219,255,21,234,0
2,20181220,255,18,237,0
2,20181221,255,33,222,0
2,20190102,256,33,223,0
2,20190103,256,22,234,0
2,20190104,256,25,231,0
2,20190107,256,30,226,0
2,20190108,256,29,227,0
2,20190109,256,20,236,0
2,20190110,256,15,241,0
2,20190111,256,31,225,0
2,20190114,256,22,234,0
2,20190115,256,23,233,0
2,20190116,256,22,234,0
2,20190117,256,18,238,0
2,20190118,256,42,214,0
2,20190122,255,33,222,0
2,20190123,255,25,230,0
2,20190124,255,17,238,0
2,20190125,255,23,232,0
2,20190128,255,20,235,0
2,20190129,253,17,236,0
2,20190130,253,25,228,0
2,20190131,253,106,136,11
2,20190201,253,30,223,0
2,20190204,255,17,238,0
2,20190206,255,10,245,0
2,20190207,255,20,235,0
2,20190208,255,20,235,0
2,20190211,255,19,236,0
2,20190212,255,36,219,0
2,20190213,255,20,235,0
2,20190214,255,18,237,0
2,20190215,255,30,225,0
2,20190225,255,28,227,0
2,20190226,256,22,234,0
2,20190227,256,20,236,0
2,20190228,256,19,237,0
2,20190301,256,27,229,0
2,20190305,256,23,233,0
2,20190306,256,23,233,0
2,20190307,258,27,231,0
2,20190308,257,19,238,0
2,20190311,256,23,233,0
2,20190312,256,15,241,0
2,20190313,256,18,238,0
2,20190314,256,82,174,0
2,20190315,256,20,236,0
2,20190318,255,18,237,0
2,20190319,255,13,242,0
2,20190320,255,17,238,0
2,20190321,255,18,237,0
2,20190322,255,33,222,0
2,20190325,255,23,232,0
2,20190326,255,15,240,0
2,20190327,255,21,234,0
2,20190328,255,12,243,0
2,20190329,255,21,234,0
2,20190401,255,15,240,0
2,20190402,255,15,240,0
2,20190403,255,16,239,0
2,20190404,255,18,237,0
2,20190405,255,20,235,0
2,20190408,255,23,232,0
2,20190409,255,21,234,0
2,20190410,255,15,240,0
2,20190411,255,13,242,0
2,20190412,255,25,230,0
2,20190415,255,21,234,0
2,20190416,255,16,239,0
2,20190417,255,15,240,0
2,20190418,255,27,228,0
2,20190429,255,29,226,0
2,20190430,254,14,240,0
2,20190501,254,18,236,0
2,20190502,254,17,237,0
2,20190503,254,24,230,0
2,20190506,254,23,231,0
2,20190507,254,18,236,0
2,20190508,254,13,241,0
2,20190509,254,16,238,0
2,20190510,254,26,228,0
2,20190513,254,31,223,0
2,20190514,254,12,242,0
2,20190515,254,12,231,11
2,20190516,254,22,232,0
2,20190517,254,32,222,0
2,20190520,254,18,236,0
2,20190521,254,19,235,0
2,20190522,254,16,238,0
2,20190523,253,22,231,0
2,20190524,253,33,220,0
2,20190528,253,16,237,0
2,20190529,253,19,234,0
2,20190530,253,11,242,0
2,20190531,253,22,231,0
2,20190603,253,29,224,0
2,20190605,253,16,237,0
2,20190607,253,24,229,0
2,20190610,253,29,224,0
2,20190612,253,23,230,0
2,20190613,253,26,227,0
2,20190614,253,34,219,0
2,20190617,253,28,225,0
2,20190618,253,31,222,0
2,20190619,253,31,222,0
2,20190620,253,34,219,0
2,20190621,253,51,202,0
2,20190624,253,58,195,0
2,20190625,253,55,198,0
2,20190626,253,79,174,0
3,20180905,483,38,445,0
3,20180906,485,26,459,0
3,20180907,482,32,450,0
3,20180912,481,17,464,0
3,20180913,479,16,463,0
3,20180914,480,29,451,0
3,20180917,482,27,455,0
3,20180918,483,21,462,0
3,20180920,485,25,460,0
3,20180921,486,26,460,0
3,20180924,487,24,463,0
3,20180925,487,50,437,0
3,20180926,487,24,463,0
3,20180927,487,28,459,0
3,20180928,486,25,461,0
3,20181001,483,28,455,0
3,20181002,482,21,461,0
3,20181003,482,20,462,0
3,20181004,483,34,449,0
3,20181005,482,33,449,0
3,20181009,481,23,458,0
3,20181010,483,31,452,0
3,20181011,482,37,445,0
3,20181012,482,47,435,0
3,20181015,483,25,458,0
3,20181016,483,25,458,0
3,20181017,483,39,444,0
3,20181018,483,46,437,0
3,20181019,483,32,451,0
3,20181022,484,32,452,0
3,20181023,482,28,454,0
3,20181024,482,26,456,0
3,20181025,482,19,463,0
3,20181026,482,36,446,0
3,20181029,483,34,449,0
3,20181030,481,33,448,0
3,20181031,481,36,445,0
3,20181101,481,40,441,0
3,20181102,482,43,439,0
3,20181105,482,31,451,0
3,20181107,483,24,459,0
3,20181108,483,33,450,0
3,20181109,484,29,455,0
3,20181113,482,36,446,0
3,20181114,482,24,458,0
3,20181115,482,99,383,0
3,20181116,482,75,407,0
3,20181119,482,31,451,0
3,20181120,482,30,452,0
3,20181121,482,46,436,0
3,20181126,484,29,455,0
3,20181127,484,28,456,0
3,20181128,484,31,453,0
3,20181129,484,33,451,0
3,20181130,483,31,452,0
3,20181203,483,32,451,0
3,20181204,483,31,452,0
3,20181205,483,28,455,0
3,20181206,483,22,461,0
3,20181207,483,49,434,0
3,20181210,483,34,449,0
3,20181211,483,26,457,0
3,20181212,483,28,455,0
3,20181213,483,44,439,0
3,20181214,483,50,433,0
3,20181217,483,31,452,0
3,20181218,483,34,449,0
3,20181219,485,38,447,0
3,20181220,485,38,447,0
3,20181221,485,62,423,0
3,20190102,486,65,421,0
3,20190103,486,43,443,0
3,20190104,485,51,434,0
3,20190107,483,31,452,0
3,20190108,482,36,446,0
3,20190109,482,25,457,0
3,20190110,483,51,432,0
3,20190111,484,53,431,0
3,20190114,485,40,445,0
3,20190115,485,32,453,0
3,20190116,485,28,457,0
3,20190117,485,36,449,0
3,20190118,485,65,420,0
3,20190122,485,60,425,0
3,20190123,485,27,458,0
3,20190124,485,48,437,0
3,20190125,485,46,439,0
3,20190128,485,32,453,0
3,20190129,485,32,453,0
3,20190130,484,38,446,0
3,20190131,482,170,312,0
3,20190201,482,54,428,0
3,20190204,480,47,433,0
3,20190206,480,28,452,0
3,20190207,480,32,448,0
3,20190208,482,39,443,0
3,20190211,482,43,439,0
3,20190212,481,71,410,0
3,20190213,481,39,442,0
3,20190214,481,23,458,0
3,20190215,481,45,436,0
3,20190225,481,36,445,0
3,20190226,481,39,442,0
3,20190227,480,29,451,0
3,20190228,479,28,451,0
3,20190301,479,53,426,0
3,20190305,479,41,438,0
3,20190306,479,34,445,0
3,20190307,479,33,446,0
3,20190308,479,36,443,0
3,20190311,479,31,448,0
3,20190312,479,27,452,0
3,20190313,479,44,435,0
3,20190314,478,91,387,0
3,20190315,478,22,456,0
3,20190318,478,29,449,0
3,20190319,477,32,445,0
3,20190320,478,29,449,0
3,20190321,477,35,442,0
3,20190322,476,51,425,0
3,20190325,475,23,452,0
3,20190326,475,25,450,0
3,20190327,475,35,440,0
3,20190328,475,23,452,0
3,20190329,475,23,452,0
3,20190401,475,25,450,0
3,20190402,474,18,456,0
3,20190403,475,20,455,0
3,20190404,475,33,442,0
3,20190405,475,29,446,0
3,20190408,476,30,446,0
3,20190409,476,26,450,0
3,20190410,476,24,452,0
3,20190411,477,30,447,0
3,20190412,477,38,439,0
3,20190415,477,46,431,0
3,20190416,477,37,440,0
3,20190417,478,36,442,0
3,20190418,478,46,432,0
3,20190429,480,39,441,0
3,20190430,480,28,452,0
3,20190501,480,22,458,0
3,20190502,480,21,459,0
3,20190503,480,43,437,0
3,20190506,481,22,459,0
3,20190507,480,21,459,0
3,20190508,480,29,451,0
3,20190509,480,22,458,0
3,20190510,480,37,443,0
3,20190513,480,45,435,0
3,20190514,480,43,437,0
3,20190515,480,27,453,0
3,20190516,480,34,446,0
3,20190517,480,50,430,0
3,20190520,481,26,455,0
3,20190521,481,36,445,0
3,20190522,481,22,459,0
3,20190523,481,51,430,0
3,20190524,481,39,442,0
3,20190528,481,56,425,0
3,20190529,481,32,449,0
3,20190530,481,40,441,0
3,20190531,480,45,435,0
3,20190603,480,35,445,0
3,20190605,480,40,440,0
3,20190607,480,56,424,0
3,20190610,482,55,427,0
3,20190612,482,23,459,0
3,20190613,482,52,430,0
3,20190614,482,52,430,0
3,20190617,481,37,444,0
3,20190618,481,50,431,0
3,20190619,481,48,433,0
3,20190620,481,59,422,0
3,20190621,481,90,391,0
3,20190624,481,95,386,0
3,20190625,481,119,362,0
3,20190626,481,113,368,0
4,20180905,308,59,249,0
4,20180906,312,36,276,0
4,20180907,312,35,277,0
4,20180912,314,20,294,0
4,20180913,312,35,277,0
4,20180914,312,26,286,0
4,20180917,307,25,282,0
4,20180918,308,31,277,0
4,20180920,308,27,281,0
4,20180921,306,29,277,0
4,20180924,305,26,279,0
4,20180925,303,32,271,0
4,20180926,303,29,274,0
4,20180927,303,15,288,0
4,20180928,303,44,259,0
4,20181001,303,28,275,0
4,20181002,306,25,281,0
4,20181003,305,12,293,0
4,20181004,305,12,278,15
4,20181005,304,26,278,0
4,20181009,304,29,275,0
4,20181010,304,22,282,0
4,20181011,304,20,284,0
4,20181012,304,19,285,0
4,20181015,304,28,276,0
4,20181016,303,16,287,0
4,20181017,303,21,282,0
4,20181018,303,23,280,0
4,20181019,303,21,282,0
4,20181022,303,31,272,0
4,20181023,303,21,282,0
4,20181024,303,23,280,0
4,20181025,303,18,285,0
4,20181026,303,30,273,0
4,20181029,304,31,273,0
4,20181030,305,25,280,0
4,20181031,305,45,260,0
4,20181101,305,20,285,0
4,20181102,305,31,274,0
4,20181105,305,32,273,0
4,20181107,305,20,285,0
4,20181108,305,19,286,0
4,20181109,305,36,269,0
4,20181113,305,30,275,0
4,20181114,305,21,284,0
4,20181115,305,82,223,0
4,20181116,305,57,248,0
4,20181119,307,20,287,0
4,20181120,307,17,290,0
4,20181121,307,55,252,0
4,20181126,307,25,282,0
4,20181127,308,19,289,0
4,20181128,308,21,287,0
4,20181129,308,18,290,0
4,20181130,308,24,283,1
4,20181203,306,30,275,1
4,20181204,306,31,275,0
4,20181205,306,26,280,0
4,20181206,307,27,280,0
4,20181207,306,28,278,0
4,20181210,306,25,281,0
4,20181211,306,28,278,0
4,20181212,306,28,278,0
4,20181213,306,21,284,1
4,20181214,306,21,284,1
4,20181217,307,39,268,0
4,20181218,307,33,274,0
4,20181219,307,23,283,1
4,20181220,307,39,268,0
4,20181221,307,58,249,0
4,20190102,308,50,258,0
4,20190103,308,23,285,0
4,20190104,308,25,283,0
4,20190107,307,30,277,0
4,20190108,308,32,276,0
4,20190109,308,18,290,0
4,20190110,308,20,288,0
4,20190111,308,30,278,0
4,20190114,308,34,274,0
4,20190115,308,22,286,0
4,20190116,308,26,282,0
4,20190117,308,17,291,0
4,20190118,308,44,264,0
4,20190122,308,60,248,0
4,20190123,308,41,267,0
4,20190124,308,40,268,0
4,20190125,308,27,281,0
4,20190128,308,36,272,0
4,20190129,308,31,277,0
4,20190130,308,18,290,0
4,20190131,308,165,143,0
4,20190201,308,39,269,0
4,20190204,308,23,285,0
4,20190206,309,15,294,0
4,20190207,311,15,296,0
4,20190208,311,29,282,0
4,20190211,311,22,289,0
4,20190212,311,60,251,0
4,20190213,311,24,287,0
4,20190214,311,28,283,0
4,20190215,311,28,283,0
4,20190225,311,40,271,0
4,20190226,310,24,286,0
4,20190227,310,29,281,0
4,20190228,312,33,279,0
4,20190301,312,46,266,0
4,20190305,312,40,272,0
4,20190306,311,28,283,0
4,20190307,311,23,288,0
4,20190308,311,24,287,0
4,20190311,309,42,267,0
4,20190312,309,31,278,0
4,20190313,309,39,270,0
4,20190314,309,84,225,0
4,20190315,309,43,266,0
4,20190318,309,27,282,0
4,20190319,309,35,274,0
4,20190320,309,29,280,0
4,20190321,309,24,285,0
4,20190322,309,43,266,0
4,20190325,312,19,293,0
4,20190326,312,22,290,0
4,20190327,312,22,290,0
4,20190328,312,34,278,0
4,20190329,312,22,290,0
4,20190401,312,38,274,0
4,20190402,312,15,297,0
4,20190403,312,18,294,0
4,20190404,312,40,272,0
4,20190405,312,36,276,0
4,20190408,309,32,277,0
4,20190409,309,29,280,0
4,20190410,309,31,261,17
4,20190411,309,20,289,0
4,20190412,309,44,265,0
4,20190415,309,36,273,0
4,20190416,308,21,287,0
4,20190417,309,39,270,0
4,20190418,309,47,262,0
4,20190429,310,33,277,0
4,20190430,310,28,282,0
4,20190501,310,27,283,0
4,20190502,311,18,293,0
4,20190503,311,42,269,0
4,20190506,313,30,283,0
4,20190507,314,34,280,0
4,20190508,313,24,289,0
4,20190509,311,30,281,0
4,20190510,311,29,282,0
4,20190513,311,48,263,0
4,20190514,311,30,281,0
4,20190515,311,34,277,0
4,20190516,311,37,274,0
4,20190517,311,41,270,0
4,20190520,311,44,267,0
4,20190521,311,23,288,0
4,20190522,311,46,265,0
4,20190523,311,54,257,0
4,20190524,311,34,277,0
4,20190528,311,50,261,0
4,20190529,312,27,285,0
4,20190530,312,36,276,0
4,20190531,312,59,253,0
4,20190603,312,37,275,0
4,20190605,312,48,264,0
4,20190607,312,47,265,0
4,20190610,312,60,252,0
4,20190612,312,34,278,0
4,20190613,312,55,257,0
4,20190614,312,73,239,0
4,20190617,310,55,255,0
4,20190618,310,66,244,0
4,20190619,310,62,248,0
4,20190620,310,96,214,0
4,20190621,310,101,209,0
4,20190624,310,106,204,0
4,20190625,310,166,144,0
4,20190626,310,125,185,0
5,20180905,220,11,209,0
5,20180906,223,14,209,0
5,20180907,225,9,216,0
5,20180912,226,11,215,0
5,20180913,228,13,215,0
5,20180914,229,16,213,0
5,20180917,231,17,214,0
5,20180918,232,14,218,0
5,20180920,232,6,226,0
5,20180921,231,17,214,0
5,20180924,231,13,218,0
5,20180925,231,14,217,0
5,20180926,231,5,226,0
5,20180927,231,14,217,0
5,20180928,231,46,185,0
5,20181001,232,21,211,0
5,20181002,231,23,208,0
5,20181003,231,13,218,0
5,20181004,231,13,218,0
5,20181005,231,16,215,0
5,20181009,231,15,216,0
5,20181010,231,8,223,0
5,20181011,231,17,214,0
5,20181012,231,18,213,0
5,20181015,231,16,215,0
5,20181016,231,11,220,0
5,20181017,231,14,217,0
5,20181018,231,16,215,0
5,20181019,231,19,212,0
5,20181022,230,18,212,0
5,20181023,230,9,221,0
5,20181024,230,10,220,0
5,20181025,230,14,216,0
5,20181026,230,38,192,0
5,20181029,230,19,211,0
5,20181030,230,17,213,0
5,20181031,230,13,217,0
5,20181101,230,24,206,0
5,20181102,230,24,206,0
5,20181105,230,20,210,0
5,20181107,230,11,219,0
5,20181108,230,11,219,0
5,20181109,230,24,206,0
5,20181113,229,25,204,0
5,20181114,229,17,212,0
5,20181115,229,48,181,0
5,20181116,229,32,197,0
5,20181119,228,14,214,0
5,20181120,228,15,213,0
5,20181121,228,37,191,0
5,20181126,228,25,203,0
5,20181127,228,14,214,0
5,20181128,228,14,214,0
5,20181129,228,9,219,0
5,20181130,228,21,207,0
5,20181203,228,20,208,0
5,20181204,228,20,208,0
5,20181205,228,9,219,0
5,20181206,230,10,220,0
5,20181207,228,13,215,0
5,20181210,227,19,208,0
5,20181211,227,16,211,0
5,20181212,227,15,212,0
5,20181213,227,23,204,0
5,20181214,227,52,175,0
5,20181217,231,25,206,0
5,20181218,230,25,205,0
5,20181219,230,17,213,0
5,20181220,231,31,200,0
5,20181221,231,45,186,0
5,20190102,231,42,189,0
5,20190103,229,20,209,0
5,20190104,229,23,206,0
5,20190107,229,26,203,0
5,20190108,229,19,210,0
5,20190109,229,9,220,0
5,20190110,229,10,219,0
5,20190111,229,19,210,0
5,20190114,230,35,195,0
5,20190115,230,18,212,0
5,20190116,230,25,205,0
5,20190117,230,29,201,0
5,20190118,230,42,188,0
5,20190122,230,44,186,0
5,20190123,231,25,206,0
5,20190124,231,17,214,0
5,20190125,231,18,213,0
5,20190128,232,12,220,0
5,20190129,235,16,219,0
5,20190130,235,11,224,0
5,20190131,235,70,165,0
5,20190201,235,42,193,0
5,20190204,235,16,219,0
5,20190206,235,12,223,0
5,20190207,235,13,222,0
5,20190208,235,16,219,0
5,20190211,235,13,222,0
5,20190212,235,26,209,0
5,20190213,235,17,192,26
5,20190214,235,16,219,0
5,20190215,235,24,211,0
5,20190225,234,17,217,0
5,20190226,235,13,222,0
5,20190227,235,16,219,0
5,20190228,235,14,221,0
5,20190301,235,20,215,0
5,20190305,235,10,225,0
5,20190306,235,19,216,0
5,20190307,233,29,204,0
5,20190308,233,26,207,0
5,20190311,233,16,217,0
5,20190312,233,24,209,0
5,20190313,233,14,219,0
5,20190314,233,51,182,0
5,20190315,233,14,219,0
5,20190318,233,12,221,0
5,20190319,233,16,217,0
5,20190320,233,19,214,0
5,20190321,233,17,216,0
5,20190322,233,27,206,0
5,20190325,233,17,216,0
5,20190326,233,24,209,0
5,20190327,233,17,216,0
5,20190328,233,13,220,0
5,20190329,233,46,187,0
5,20190401,232,14,218,0
5,20190402,232,13,219,0
5,20190403,232,12,220,0
5,20190404,232,17,215,0
5,20190405,232,12,220,0
5,20190408,232,24,208,0
5,20190409,232,25,207,0
5,20190410,232,24,208,0
5,20190411,232,20,212,0
5,20190412,232,24,208,0
5,20190415,232,23,209,0
5,20190416,232,11,221,0
5,20190417,232,12,220,0
5,20190418,232,27,205,0
5,20190429,230,15,215,0
5,20190430,230,17,213,0
5,20190501,231,23,208,0
5,20190502,231,14,217,0
5,20190503,231,19,212,0
5,20190506,231,18,213,0
5,20190507,230,17,213,0
5,20190508,230,19,211,0
5,20190509,230,12,218,0
5,20190510,230,52,178,0
5,20190513,230,26,204,0
5,20190514,230,18,212,0
5,20190515,230,16,214,0
5,20190517,230,27,203,0
5,20190520,230,13,217,0
5,20190521,230,21,209,0
5,20190522,230,19,211,0
5,20190523,230,16,214,0
5,20190524,230,34,196,0
5,20190528,230,15,215,0
5,20190529,230,15,215,0
5,20190530,231,7,224,0
5,20190531,231,19,212,0
5,20190603,231,13,218,0
5,20190605,231,29,202,0
5,20190607,231,34,197,0
5,20190610,233,31,202,0
5,20190612,233,14,217,2
5,20190613,233,21,211,1
5,20190614,233,23,209,1
5,20190617,231,27,204,0
5,20190618,231,23,208,0
5,20190619,231,25,205,1
5,20190620,231,38,193,0
5,20190621,231,35,196,0
5,20190624,231,42,189,0
5,20190625,231,71,160,0
5,20190626,231,76,155,0
6,20180905,233,20,213,0
6,20180906,233,21,212,0
6,20180907,232,18,214,0
6,20180912,233,19,214,0
6,20180913,233,20,213,0
6,20180914,233,21,212,0
6,20180917,232,20,212,0
6,20180918,227,15,212,0
6,20180920,227,11,216,0
6,20180921,227,13,214,0
6,20180924,227,10,217,0
6,20180925,226,18,208,0
6,20180926,226,15,211,0
6,20180927,226,6,220,0
6,20180928,226,29,197,0
6,20181001,226,13,213,0
6,20181002,226,16,210,0
6,20181003,225,16,209,0
6,20181004,225,13,212,0
6,20181005,225,17,208,0
6,20181009,225,19,206,0
6,20181010,224,13,211,0
6,20181011,224,20,204,0
6,20181012,224,22,202,0
6,20181015,224,16,208,0
6,20181016,224,18,206,0
6,20181017,224,17,207,0
6,20181018,224,11,213,0
6,20181019,222,15,207,0
6,20181022,222,25,197,0
6,20181023,222,15,207,0
6,20181024,222,29,193,0
6,20181025,222,15,207,0
6,20181026,222,15,207,0
6,20181029,223,25,198,0
6,20181030,223,22,201,0
6,20181031,223,28,195,0
6,20181101,225,23,202,0
6,20181102,225,16,209,0
6,20181105,225,25,200,0
6,20181107,225,3,222,0
6,20181108,225,14,211,0
6,20181109,225,25,200,0
6,20181113,225,27,198,0
6,20181114,225,11,214,0
6,20181115,225,78,147,0
6,20181116,227,58,169,0
6,20181119,227,7,220,0
6,20181120,227,24,203,0
6,20181121,227,34,193,0
6,20181126,231,21,210,0
6,20181127,231,20,211,0
6,20181128,232,11,200,21
6,20181129,232,19,213,0
6,20181130,232,31,201,0
6,20181203,232,25,207,0
6,20181204,232,18,214,0
6,20181205,232,18,214,0
6,20181206,232,17,215,0
6,20181207,232,19,213,0
6,20181210,232,25,207,0
6,20181211,232,22,210,0
6,20181212,232,21,211,0
6,20181213,232,27,205,0
6,20181214,232,16,216,0
6,20181217,232,32,200,0
6,20181218,232,32,200,0
6,20181219,232,24,208,0
6,20181220,232,17,215,0
6,20181221,232,40,192,0
6,20190102,232,47,185,0
6,20190103,232,24,208,0
6,20190104,232,37,195,0
6,20190107,234,25,209,0
6,20190108,234,25,209,0
6,20190109,234,28,206,0
6,20190110,234,26,208,0
6,20190111,234,32,202,0
6,20190114,234,30,204,0
6,20190115,234,22,212,0
6,20190116,235,22,213,0
6,20190117,235,40,195,0
6,20190118,235,42,193,0
6,20190122,235,54,181,0
6,20190123,235,20,215,0
6,20190124,235,25,210,0
6,20190125,235,15,220,0
6,20190128,235,20,215,0
6,20190129,235,19,216,0
6,20190130,235,26,209,0
6,20190131,235,123,112,0
6,20190201,235,26,209,0
6,20190204,235,30,205,0
6,20190206,233,20,213,0
6,20190207,233,17,216,0
6,20190208,233,26,207,0
6,20190211,233,23,210,0
6,20190212,233,45,188,0
6,20190213,233,23,210,0
6,20190214,233,21,212,0
6,20190215,233,35,198,0
6,20190225,231,27,204,0
6,20190226,231,11,220,0
6,20190227,231,21,210,0
6,20190228,231,17,214,0
6,20190301,231,35,196,0
6,20190305,231,28,203,0
6,20190306,231,25,206,0
6,20190307,231,34,197,0
6,20190308,231,21,210,0
6,20190311,231,30,201,0
6,20190312,231,27,204,0
6,20190313,231,28,203,0
6,20190314,231,91,140,0
6,20190315,231,28,203,0
6,20190318,230,22,208,0
6,20190319,230,13,217,0
6,20190320,230,17,213,0
6,20190321,230,19,211,0
6,20190322,230,34,196,0
6,20190325,230,25,205,0
6,20190326,230,19,189,22
6,20190327,230,21,209,0
6,20190328,230,17,213,0
6,20190329,229,14,215,0
6,20190401,229,25,204,0
6,20190402,229,19,210,0
6,20190403,229,12,217,0
6,20190404,229,19,210,0
6,20190405,229,20,209,0
6,20190408,229,23,206,0
6,20190409,229,19,210,0
6,20190410,229,14,215,0
6,20190411,229,25,204,0
6,20190412,229,21,208,0
6,20190415,228,38,190,0
6,20190416,228,15,213,0
6,20190417,228,23,205,0
6,20190418,228,35,193,0
6,20190429,226,29,197,0
6,20190430,227,24,203,0
6,20190501,227,15,212,0
6,20190502,227,17,210,0
6,20190503,227,24,203,0
6,20190506,227,20,207,0
6,20190507,227,20,207,0
6,20190508,227,14,213,0
6,20190509,227,14,213,0
6,20190510,227,33,194,0
6,20190513,227,32,195,0
6,20190514,226,26,200,0
6,20190515,226,18,208,0
6,20190516,226,18,208,0
6,20190517,226,24,202,0
6,20190520,226,27,199,0
6,20190521,226,17,209,0
6,20190522,226,24,202,0
6,20190523,226,35,191,0
6,20190524,226,37,189,0
6,20190528,226,26,200,0
6,20190529,226,20,206,0
6,20190530,226,22,204,0
6,20190531,226,14,212,0
6,20190603,226,28,198,0
6,20190605,226,28,198,0
6,20190607,226,30,196,0
6,20190610,226,27,199,0
6,20190612,226,19,207,0
6,20190613,226,33,193,0
6,20190614,226,37,189,0
6,20190617,226,41,185,0
6,20190618,226,45,181,0
6,20190619,226,36,190,0
6,20190620,226,52,174,0
6,20190621,226,64,162,0
6,20190624,226,77,149,0
6,20190625,226,87,139,0
6,20190626,226,94,132,0
7,20180905,375,15,360,0
7,20180906,375,13,362,0
7,20180907,375,16,359,0
7,20180912,373,15,358,0
7,20180913,373,11,362,0
7,20180914,373,11,362,0
7,20180917,373,17,356,0
7,20180918,373,22,351,0
7,20180920,373,13,360,0
7,20180921,373,18,355,0
7,20180924,373,17,356,0
7,20180925,374,25,349,0
7,20180926,374,17,357,0
7,20180927,373,16,357,0
7,20180928,373,22,351,0
7,20181001,373,20,353,0
7,20181002,374,18,356,0
7,20181003,374,13,361,0
7,20181004,374,15,359,0
7,20181005,373,14,359,0
7,20181009,373,13,360,0
7,20181010,373,15,358,0
7,20181011,373,15,358,0
7,20181012,373,18,355,0
7,20181015,372,19,353,0
7,20181016,372,15,357,0
7,20181017,372,17,355,0
7,20181018,372,17,355,0
7,20181019,372,16,356,0
7,20181022,372,22,350,0
7,20181023,372,16,356,0
7,20181024,372,18,354,0
7,20181025,372,23,349,0
7,20181026,372,24,348,0
7,20181029,372,27,345,0
7,20181030,371,19,352,0
7,20181031,372,28,344,0
7,20181101,372,28,344,0
7,20181102,371,23,348,0
7,20181105,371,30,341,0
7,20181107,371,17,354,0
7,20181108,371,18,353,0
7,20181109,370,23,347,0
7,20181113,369,28,341,0
7,20181114,367,23,344,0
7,20181115,368,57,311,0
7,20181116,368,42,326,0
7,20181119,367,17,350,0
7,20181120,367,20,347,0
7,20181121,367,47,320,0
7,20181126,367,24,343,0
7,20181127,366,13,353,0
7,20181128,366,14,352,0
7,20181129,366,10,356,0
7,20181130,366,24,342,0
7,20181203,364,13,351,0
7,20181204,364,6,358,0
7,20181205,364,6,358,0
7,20181206,364,13,351,0
7,20181207,364,21,343,0
7,20181210,364,19,345,0
7,20181211,364,21,343,0
7,20181212,364,18,346,0
7,20181213,364,11,353,0
7,20181214,364,21,343,0
7,20181217,364,19,345,0
7,20181218,364,21,343,0
7,20181219,363,21,342,0
7,20181220,363,32,331,0
7,20181221,363,52,311,0
7,20190102,358,37,321,0
7,20190103,358,27,331,0
7,20190104,358,31,327,0
7,20190107,358,19,339,0
7,20190108,360,10,350,0
7,20190109,362,12,350,0
7,20190110,362,16,346,0
7,20190111,362,22,340,0
7,20190114,361,19,342,0
7,20190115,362,13,349,0
7,20190116,362,13,349,0
7,20190117,362,22,340,0
7,20190118,362,38,324,0
7,20190122,361,49,312,0
7,20190123,362,24,338,0
7,20190124,362,22,340,0
7,20190125,362,16,346,0
7,20190128,365,10,355,0
7,20190129,366,19,347,0
7,20190130,366,19,347,0
7,20190131,366,117,249,0
7,20190201,366,37,329,0
7,20190204,366,33,333,0
7,20190206,366,17,349,0
7,20190207,366,17,349,0
7,20190208,365,16,349,0
7,20190211,365,19,346,0
7,20190212,363,22,341,0
7,20190213,363,15,312,36
7,20190214,363,19,344,0
7,20190215,362,37,325,0
7,20190225,362,30,332,0
7,20190226,362,12,350,0
7,20190227,363,8,355,0
7,20190228,363,16,347,0
7,20190301,363,21,342,0
7,20190305,362,10,352,0
7,20190306,362,8,354,0
7,20190307,362,13,349,0
7,20190308,362,18,344,0
7,20190311,362,19,343,0
7,20190312,362,20,342,0
7,20190313,362,22,340,0
7,20190314,362,44,318,0
7,20190315,362,19,343,0
7,20190318,362,24,338,0
7,20190319,362,19,343,0
7,20190320,362,17,345,0
7,20190321,362,23,339,0
7,20190322,362,26,336,0
7,20190325,362,28,334,0
7,20190326,362,18,344,0
7,20190327,361,24,337,0
7,20190328,361,18,343,0
7,20190329,361,18,343,0
7,20190401,361,17,344,0
7,20190402,361,10,351,0
7,20190403,363,11,352,0
7,20190404,363,17,346,0
7,20190405,363,26,337,0
7,20190408,363,31,332,0
7,20190409,363,17,346,0
7,20190410,363,16,347,0
7,20190411,363,14,349,0
7,20190412,363,19,344,0
7,20190415,363,23,340,0
7,20190416,363,13,350,0
7,20190417,362,20,342,0
7,20190418,362,33,329,0
7,20190429,361,23,338,0
7,20190430,361,21,340,0
7,20190501,361,10,351,0
7,20190502,361,17,344,0
7,20190503,361,31,330,0
7,20190506,361,24,337,0
7,20190507,361,14,347,0
7,20190508,361,22,339,0
7,20190509,361,19,342,0
7,20190510,361,25,336,0
7,20190513,361,29,332,0
7,20190514,361,18,343,0
7,20190515,361,17,344,0
7,20190516,361,14,347,0
7,20190517,361,22,339,0
7,20190520,361,25,336,0
7,20190521,361,13,348,0
7,20190522,361,15,346,0
7,20190523,361,20,341,0
7,20190524,361,27,334,0
7,20190528,361,20,341,0
7,20190529,361,19,341,1
7,20190530,361,7,353,1
7,20190531,361,24,337,0
7,20190603,361,21,340,0
7,20190605,361,38,323,0
7,20190607,361,27,334,0
7,20190610,361,27,334,0
7,20190612,361,17,344,0
7,20190613,361,25,336,0
7,20190614,361,27,334,0
7,20190617,359,31,328,0
7,20190618,359,40,319,0
7,20190619,359,28,330,1
7,20190620,359,34,325,0
7,20190621,359,36,322,1
7,20190624,359,50,308,1
7,20190625,359,76,283,0
7,20190626,359,76,283,0
8,20180905,266,32,234,0
8,20180906,267,26,241,0
8,20180907,269,31,238,0
8,20180912,269,31,238,0
8,20180913,273,13,260,0
8,20180914,274,22,252,0
8,20180917,275,27,248,0
8,20180918,274,16,258,0
8,20180920,273,19,254,0
8,20180921,274,15,259,0
8,20180924,274,20,254,0
8,20180925,273,31,242,0
8,20180926,273,23,250,0
8,20180927,274,19,255,0
8,20180928,274,39,235,0
8,20181001,274,23,251,0
8,20181002,273,29,244,0
8,20181003,273,13,260,0
8,20181004,273,12,261,0
8,20181005,272,20,252,0
8,20181009,272,17,255,0
8,20181010,272,33,239,0
8,20181011,273,22,251,0
8,20181012,273,22,251,0
8,20181015,274,37,237,0
8,20181016,276,28,248,0
8,20181017,276,26,250,0
8,20181018,276,26,250,0
8,20181019,277,23,254,0
8,20181022,279,23,256,0
8,20181023,280,18,262,0
8,20181024,280,16,264,0
8,20181025,280,17,263,0
8,20181026,280,22,258,0
8,20181029,279,35,244,0
8,20181030,281,18,263,0
8,20181031,281,33,248,0
8,20181101,281,38,243,0
8,20181102,281,21,260,0
8,20181105,282,31,251,0
8,20181107,283,18,265,0
8,20181108,283,24,259,0
8,20181109,283,30,253,0
8,20181113,283,23,260,0
8,20181114,285,23,262,0
8,20181115,285,82,203,0
8,20181116,285,48,237,0
8,20181119,285,23,262,0
8,20181120,288,17,271,0
8,20181121,288,54,234,0
8,20181126,288,31,257,0
8,20181127,289,13,276,0
8,20181128,290,21,269,0
8,20181129,290,19,271,0
8,20181130,293,22,271,0
8,20181203,294,21,273,0
8,20181204,294,18,276,0
8,20181205,294,20,274,0
8,20181206,294,22,272,0
8,20181207,295,33,262,0
8,20181210,295,20,275,0
8,20181211,295,12,283,0
8,20181212,295,25,270,0
8,20181213,296,31,265,0
8,20181214,295,39,256,0
8,20181217,295,27,268,0
8,20181218,296,23,273,0
8,20181219,294,22,272,0
8,20181220,295,17,278,0
8,20181221,295,69,226,0
8,20190102,295,49,246,0
8,20190103,295,24,271,0
8,20190104,296,39,257,0
8,20190107,296,26,270,0
8,20190108,297,35,262,0
8,20190109,297,32,265,0
8,20190110,297,34,263,0
8,20190111,296,36,260,0
8,20190114,297,33,264,0
8,20190115,297,32,265,0
8,20190116,297,19,278,0
8,20190117,297,34,263,0
8,20190118,297,48,249,0
8,20190122,297,48,249,0
8,20190123,297,43,254,0
8,20190124,297,53,244,0
8,20190125,297,31,266,0
8,20190128,297,22,275,0
8,20190129,298,23,275,0
8,20190130,297,26,271,0
8,20190131,297,155,142,0
8,20190201,296,36,260,0
8,20190204,297,31,266,0
8,20190206,297,18,279,0
8,20190207,297,16,281,0
8,20190208,297,23,274,0
8,20190211,299,18,281,0
8,20190212,298,46,252,0
8,20190213,298,24,257,17
8,20190214,299,19,280,0
8,20190215,299,47,252,0
8,20190225,298,21,277,0
8,20190226,298,23,275,0
8,20190227,298,19,279,0
8,20190228,298,28,270,0
8,20190301,298,38,260,0
8,20190305,298,33,265,0
8,20190306,297,29,268,0
8,20190307,298,36,262,0
8,20190308,298,32,266,0
8,20190311,298,34,264,0
8,20190312,298,18,280,0
8,20190313,298,24,274,0
8,20190314,298,86,212,0
8,20190315,298,25,273,0
8,20190318,298,18,280,0
8,20190319,298,20,278,0
8,20190320,298,17,281,0
8,20190321,298,25,273,0
8,20190322,298,36,262,0
8,20190325,298,30,268,0
8,20190326,298,33,265,0
8,20190327,298,20,278,0
8,20190328,298,19,279,0
8,20190329,298,35,263,0
8,20190401,298,26,272,0
8,20190402,298,20,278,0
8,20190403,298,9,289,0
8,20190404,297,23,274,0
8,20190405,297,33,264,0
8,20190408,297,16,281,0
8,20190409,297,18,279,0
8,20190410,297,13,284,0
8,20190411,296,33,263,0
8,20190412,296,45,251,0
8,20190415,295,35,260,0
8,20190416,295,25,270,0
8,20190417,294,12,282,0
8,20190418,294,42,252,0
8,20190429,294,32,262,0
8,20190430,294,28,266,0
8,20190501,294,15,279,0
8,20190502,294,13,281,0
8,20190503,294,34,260,0
8,20190506,294,24,270,0
8,20190507,292,20,272,0
8,20190508,292,20,272,0
8,20190509,292,21,271,0
8,20190510,292,43,249,0
8,20190513,291,33,258,0
8,20190514,291,23,268,0
8,20190515,291,38,253,0
8,20190516,291,27,264,0
8,20190517,291,34,257,0
8,20190520,291,34,257,0
8,20190521,291,21,270,0
8,20190522,291,21,270,0
8,20190523,291,42,249,0
8,20190524,291,36,255,0
8,20190528,292,35,257,0
8,20190529,292,23,269,0
8,20190530,292,21,271,0
8,20190531,292,30,262,0
8,20190603,292,42,250,0
8,20190605,292,38,254,0
8,20190607,292,33,259,0
8,20190610,292,58,234,0
8,20190612,292,29,263,0
8,20190613,292,31,261,0
8,20190614,292,37,255,0
8,20190617,290,33,257,0
8,20190618,290,42,248,0
8,20190619,290,35,255,0
8,20190620,290,46,244,0
8,20190621,290,85,205,0
8,20190624,290,113,177,0
8,20190625,290,123,167,0
8,20190626,290,118,172,0
9,20180905,378,47,331,0
9,20180906,379,40,339,0
9,20180907,381,39,342,0
9,20180912,385,24,361,0
9,20180913,383,19,364,0
9,20180914,383,31,352,0
9,20180917,380,27,353,0
9,20180918,381,29,352,0
9,20180920,382,31,351,0
9,20180921,386,50,336,0
9,20180924,386,32,354,0
9,20180925,386,46,340,0
9,20180926,387,42,345,0
9,20180927,388,27,361,0
9,20180928,388,58,330,0
9,20181001,387,31,356,0
9,20181002,386,40,346,0
9,20181003,386,18,368,0
9,20181004,386,29,357,0
9,20181005,386,29,357,0
9,20181009,385,23,362,0
9,20181010,387,32,355,0
9,20181011,387,40,347,0
9,20181012,386,43,343,0
9,20181015,386,39,347,0
9,20181016,386,28,358,0
9,20181017,386,36,350,0
9,20181018,386,25,361,0
9,20181019,385,52,333,0
9,20181022,384,32,352,0
9,20181023,382,34,348,0
9,20181024,383,28,355,0
9,20181025,383,28,355,0
9,20181026,385,42,343,0
9,20181029,386,42,344,0
9,20181030,387,23,364,0
9,20181031,385,46,339,0
9,20181101,385,42,343,0
9,20181102,385,40,345,0
9,20181105,384,18,366,0
9,20181107,384,16,368,0
9,20181108,383,21,362,0
9,20181109,383,35,348,0
9,20181113,382,46,336,0
9,20181114,383,31,352,0
9,20181115,383,96,287,0
9,20181116,383,72,311,0
9,20181119,383,33,350,0
9,20181120,383,25,358,0
9,20181121,383,60,323,0
9,20181126,384,32,352,0
9,20181127,386,24,362,0
9,20181128,386,36,350,0
9,20181129,386,34,352,0
9,20181130,386,34,352,0
9,20181203,385,26,359,0
9,20181204,386,26,360,0
9,20181205,386,32,354,0
9,20181206,386,35,351,0
9,20181207,385,43,342,0
9,20181210,386,47,339,0
9,20181211,385,38,347,0
9,20181212,384,38,346,0
9,20181213,383,32,351,0
9,20181214,383,53,330,0
9,20181217,383,49,334,0
9,20181218,383,42,341,0
9,20181219,383,39,344,0
9,20181220,382,34,348,0
9,20181221,382,65,317,0
9,20190102,383,60,323,0
9,20190103,383,54,329,0
9,20190104,383,49,334,0
9,20190107,383,31,352,0
9,20190108,383,35,348,0
9,20190109,383,38,345,0
9,20190110,383,41,342,0
9,20190111,383,46,337,0
9,20190114,384,45,339,0
9,20190115,383,28,355,0
9,20190116,383,31,352,0
9,20190117,380,31,349,0
9,20190118,380,69,311,0
9,20190122,381,67,314,0
9,20190123,382,30,352,0
9,20190124,382,43,339,0
9,20190125,382,25,357,0
9,20190128,384,49,335,0
9,20190129,384,33,351,0
9,20190130,385,34,351,0
9,20190131,385,186,199,0
9,20190201,385,44,341,0
9,20190204,386,35,351,0
9,20190206,384,23,361,0
9,20190207,384,22,362,0
9,20190208,384,42,342,0
9,20190211,383,31,352,0
9,20190212,383,75,308,0
9,20190213,383,41,342,0
9,20190214,383,24,359,0
9,20190215,383,39,344,0
9,20190225,382,52,330,0
9,20190226,382,41,341,0
9,20190227,381,50,331,0
9,20190228,380,37,343,0
9,20190301,380,52,328,0
9,20190305,380,20,360,0
9,20190306,380,35,345,0
9,20190307,380,42,338,0
9,20190308,380,46,334,0
9,20190311,380,28,352,0
9,20190312,380,32,348,0
9,20190313,381,21,360,0
9,20190314,381,86,295,0
9,20190315,381,39,342,0
9,20190318,381,24,357,0
9,20190319,381,28,353,0
9,20190320,380,28,352,0
9,20190321,380,45,335,0
9,20190322,380,62,318,0
9,20190325,380,28,352,0
9,20190326,380,42,338,0
9,20190327,380,38,342,0
9,20190328,380,36,344,0
9,20190329,380,49,331,0
9,20190401,380,32,348,0
9,20190402,380,27,353,0
9,20190403,380,35,345,0
9,20190404,380,39,341,0
9,20190405,381,39,342,0
9,20190408,381,51,330,0
9,20190409,381,39,342,0
9,20190410,381,51,330,0
9,20190411,381,46,335,0
9,20190412,381,59,322,0
9,20190415,377,56,321,0
9,20190416,377,42,335,0
9,20190417,378,37,341,0
9,20190418,378,50,328,0
9,20190429,377,31,346,0
9,20190430,376,49,327,0
9,20190501,376,27,349,0
9,20190502,376,31,345,0
9,20190503,376,63,313,0
9,20190506,380,38,342,0
9,20190507,380,37,343,0
9,20190508,380,47,333,0
9,20190509,380,43,337,0
9,20190510,378,54,324,0
9,20190513,378,69,309,0
9,20190514,378,42,336,0
9,20190515,378,41,337,0
9,20190516,379,37,342,0
9,20190517,379,58,321,0
9,20190520,379,36,343,0
9,20190521,379,41,338,0
9,20190522,379,39,340,0
9,20190523,379,55,324,0
9,20190524,379,46,333,0
9,20190528,379,43,336,0
9,20190529,379,38,341,0
9,20190530,379,44,335,0
9,20190531,379,42,337,0
9,20190603,379,41,338,0
9,20190605,379,48,331,0
9,20190607,379,75,304,0
9,20190610,379,63,316,0
9,20190612,379,33,346,0
9,20190613,379,54,325,0
9,20190614,379,75,304,0
9,20190617,378,43,335,0
9,20190618,378,59,319,0
9,20190619,378,87,291,0
9,20190620,378,81,297,0
9,20190621,378,136,242,0
9,20190624,378,117,261,0
9,20190625,378,170,208,0
9,20190626,378,140,238,0
10,20180905,359,36,323,0
10,20180906,362,42,320,0
10,20180907,362,44,318,0
10,20180912,362,27,335,0
10,20180913,360,18,342,0
10,20180914,361,29,332,0
10,20180917,361,25,336,0
10,20180918,360,32,328,0
10,20180920,360,24,336,0
10,20180921,360,32,328,0
10,20180924,360,22,338,0
10,20180925,359,37,322,0
10,20180926,359,21,338,0
10,20180927,358,27,331,0
10,20180928,358,32,326,0
10,20181001,356,26,330,0
10,20181002,355,27,328,0
10,20181003,357,21,336,0
10,20181004,354,26,328,0
10,20181005,354,28,326,0
10,20181009,354,31,323,0
10,20181010,354,24,330,0
10,20181011,354,29,325,0
10,20181012,354,29,325,0
10,20181015,354,41,313,0
10,20181016,354,24,330,0
10,20181017,356,31,325,0
10,20181018,356,31,325,0
10,20181019,356,33,323,0
10,20181022,359,41,318,0
10,20181023,359,31,328,0
10,20181024,358,24,334,0
10,20181025,358,20,338,0
10,20181026,358,27,331,0
10,20181029,356,37,319,0
10,20181030,353,12,341,0
10,20181031,353,37,316,0
10,20181101,353,25,328,0
10,20181102,353,25,328,0
10,20181105,352,13,339,0
10,20181107,352,23,329,0
10,20181108,352,19,333,0
10,20181109,352,20,332,0
10,20181113,352,27,325,0
10,20181114,352,14,338,0
10,20181115,353,103,250,0
10,20181116,353,51,302,0
10,20181119,353,27,326,0
10,20181120,353,15,338,0
10,20181121,353,31,322,0
10,20181126,353,37,316,0
10,20181127,353,29,324,0
10,20181128,354,19,335,0
10,20181129,353,29,324,0
10,20181130,353,25,328,0
10,20181203,353,25,328,0
10,20181204,353,21,332,0
10,20181205,353,24,329,0
10,20181206,353,27,326,0
10,20181207,353,30,323,0
10,20181210,353,35,318,0
10,20181211,352,17,335,0
10,20181212,352,26,326,0
10,20181213,352,27,325,0
10,20181214,352,26,326,0
10,20181217,352,30,322,0
10,20181218,352,28,324,0
10,20181219,351,27,324,0
10,20181220,351,35,316,0
10,20181221,351,43,308,0
10,20190102,351,56,295,0
10,20190103,353,28,325,0
10,20190104,353,31,322,0
10,20190107,353,35,318,0
10,20190108,353,36,317,0
10,20190109,353,24,329,0
10,20190110,353,19,334,0
10,20190111,353,37,316,0
10,20190114,353,23,330,0
10,20190115,353,27,326,0
10,20190116,353,25,328,0
10,20190117,353,26,327,0
10,20190118,353,53,300,0
10,20190122,353,48,305,0
10,20190123,353,27,326,0
10,20190124,353,31,322,0
10,20190125,356,34,322,0
10,20190128,356,32,324,0
10,20190129,356,20,336,0
10,20190130,356,49,307,0
10,20190131,354,162,192,0
10,20190201,355,44,310,1
10,20190204,355,26,328,1
10,20190206,356,14,341,1
10,20190207,356,16,339,1
10,20190208,356,29,326,1
10,20190211,356,31,324,1
10,20190212,355,45,309,1
10,20190213,353,17,281,55
10,20190214,353,15,337,1
10,20190215,353,25,327,1
10,20190225,353,31,321,1
10,20190226,353,16,336,1
10,20190227,353,27,325,1
10,20190228,353,21,332,0
10,20190301,353,35,317,1
10,20190305,352,21,330,1
10,20190306,352,29,322,1
10,20190307,353,20,333,0
10,20190308,352,24,327,1
10,20190311,352,35,316,1
10,20190312,352,15,336,1
10,20190313,352,37,314,1
10,20190314,352,87,265,0
10,20190315,352,26,325,1
10,20190318,353,28,324,1
10,20190319,353,25,327,1
10,20190320,353,26,326,1
10,20190321,353,32,321,0
10,20190322,353,43,309,1
10,20190325,352,39,312,1
10,20190326,352,23,328,1
10,20190327,352,26,325,1
10,20190328,352,23,329,0
10,20190329,352,30,321,1
10,20190401,352,34,317,1
10,20190402,352,21,330,1
10,20190403,352,27,324,1
10,20190404,352,24,328,0
10,20190405,352,41,310,1
10,20190408,352,36,315,1
10,20190409,352,30,322,0
10,20190410,352,21,330,1
10,20190411,352,30,322,0
10,20190412,352,31,320,1
10,20190415,352,50,301,1
10,20190416,352,32,320,0
10,20190417,352,25,326,1
10,20190418,351,34,317,0
10,20190429,350,32,317,1
10,20190430,349,36,313,0
10,20190501,349,19,329,1
10,20190502,349,20,329,0
10,20190503,349,36,312,1
10,20190506,349,31,317,1
10,20190507,349,22,326,1
10,20190508,349,26,322,1
10,20190509,349,20,329,0
10,20190510,349,30,318,1
10,20190513,351,42,308,1
10,20190514,351,32,318,1
10,20190515,350,27,322,1
10,20190516,350,25,324,1
10,20190517,350,35,315,0
10,20190520,350,30,319,1
10,20190521,350,23,326,1
10,20190522,350,31,318,1
10,20190523,350,37,313,0
10,20190524,350,40,309,1
10,20190528,350,41,308,1
10,20190529,350,26,323,1
10,20190530,350,32,318,0
10,20190531,350,32,317,1
10,20190603,350,30,319,1
10,20190605,350,28,321,1
10,20190607,350,37,312,1
10,20190610,350,50,299,1
10,20190612,350,27,322,1
10,20190613,350,29,321,0
10,20190614,350,39,310,1
10,20190617,340,50,289,1
10,20190618,340,51,288,1
10,20190619,340,35,304,1
10,20190620,340,34,306,0
10,20190621,340,81,258,1
10,20190624,340,102,237,1
10,20190625,340,115,224,1
10,20190626,340,86,253,1